{"cameraMode":{"drawMode":0,"name":"Shaded","section":"Shading Mode"},"sceneLighting":true,"audioPlay":false,"sceneViewState":{"m_AlwaysRefresh":false,"showFog":true,"showSkybox":true,"showFlares":true,"showImageEffects":true,"showParticleSystems":true,"showVisualEffectGraphs":true,"m_FxEnabled":true},"in2DMode":false,"pivot":{"x":-0.7120954990386963,"y":3.318082809448242,"z":-0.7766399383544922},"rotation":{"x":0.07782550156116486,"y":-0.049627091735601428,"z":0.003877329872921109,"w":0.9957362413406372},"size":8.892717361450196,"orthographic":false}