{"cameraMode":{"drawMode":0,"name":"Shaded","section":"Shading Mode"},"sceneLighting":false,"audioPlay":false,"sceneViewState":{"m_AlwaysRefresh":false,"showFog":true,"showSkybox":true,"showFlares":true,"showImageEffects":true,"showParticleSystems":true,"showVisualEffectGraphs":true,"m_FxEnabled":true},"in2DMode":false,"pivot":{"x":0.8750917911529541,"y":0.1939171552658081,"z":-1.7117730379104615},"rotation":{"x":0.0511554591357708,"y":-0.9473925232887268,"z":0.1948099434375763,"w":0.24877946078777314},"size":2.1664109230041506,"orthographic":false}