{"cameraMode":{"drawMode":0,"name":"Shaded","section":"Shading Mode"},"sceneLighting":false,"audioPlay":false,"sceneViewState":{"m_AlwaysRefresh":false,"showFog":true,"showSkybox":true,"showFlares":true,"showImageEffects":true,"showParticleSystems":true,"showVisualEffectGraphs":true,"m_FxEnabled":true},"in2DMode":false,"pivot":{"x":-0.027575768530368806,"y":0.0831492617726326,"z":0.0065150451846420769},"rotation":{"x":0.05153954029083252,"y":-0.03834008425474167,"z":0.001980141969397664,"w":0.9979410767555237},"size":0.2573804557323456,"orthographic":false}