{"cameraMode":{"drawMode":0,"name":"Shaded","section":"Shading Mode"},"sceneLighting":false,"audioPlay":false,"sceneViewState":{"m_AlwaysRefresh":false,"showFog":true,"showSkybox":true,"showFlares":true,"showImageEffects":true,"showParticleSystems":true,"showVisualEffectGraphs":true,"m_FxEnabled":true},"in2DMode":false,"pivot":{"x":0.005194708704948425,"y":0.005829557776451111,"z":-0.003942221403121948},"rotation":{"x":0.11349665373563767,"y":0.0667138323187828,"z":-0.0076381247490644459,"w":0.9912680983543396},"size":0.2554404139518738,"orthographic":false}